{
  "accuracy": [
    0.5862299203872681,
    0.7489137649536133,
    0.8409090638160706,
    0.8790106773376465,
    0.9025735259056091,
    0.9142714142799377,
    0.928810179233551,
    0.9369986653327942
  ],
  "auc": [
    0.6253862380981445,
    0.8300720453262329,
    0.9179881811141968,
    0.9464479088783264,
    0.9621372818946838,
    0.9722223281860352,
    0.9788253903388977,
    0.98369300365448
  ],
  "loss": [
    0.6672412157058716,
    0.5249312520027161,
    0.3731110990047455,
    0.2992081046104431,
    0.24986614286899567,
    0.214803546667099,
    0.18549130856990814,
    0.16333900392055511
  ],
  "precision": [
    0.5803725123405457,
    0.7406148910522461,
    0.8388491868972778,
    0.8789095282554626,
    0.9037074446678162,
    0.916288435459137,
    0.9316383004188538,
    0.9412261247634888
  ],
  "recall": [
    0.6201705932617188,
    0.7655126452445984,
    0.8436193466186523,
    0.8789095282554626,
    0.9009867906570435,
    0.911690890789032,
    0.9254055619239807,
    0.9320956468582153
  ],
  "val_accuracy": [
    0.7779356241226196,
    0.8276515007019043,
    0.8858901262283325,
    0.9195075631141663,
    0.9332386255264282,
    0.9521780014038086,
    0.9559659361839294,
    0.9588068127632141
  ],
  "val_auc": [
    0.8590301275253296,
    0.9400099515914917,
    0.9632839560508728,
    0.9759531021118164,
    0.9848929047584534,
    0.9892365336418152,
    0.9923761487007141,
    0.9945508241653442
  ],
  "val_loss": [
    0.5672392845153809,
    0.3733791708946228,
    0.2759864926338196,
    0.20851635932922363,
    0.16148574650287628,
    0.13538368046283722,
    0.11545560508966446,
    0.10485470294952393
  ],
  "val_precision": [
    0.7483221292495728,
    0.7674596905708313,
    0.8516294956207275,
    0.9105990529060364,
    0.9339622855186462,
    0.9696673154830933,
    0.97265625,
    0.9802761077880859
  ],
  "val_recall": [
    0.8407163023948669,
    0.9425070881843567,
    0.9359095096588135,
    0.9311969876289368,
    0.9330819845199585,
    0.9340245127677917,
    0.9387370347976685,
    0.9368520379066467
  ],
  "learning_rate": [
    9.999999747378752e-05,
    9.999999747378752e-05,
    9.999999747378752e-05,
    9.999999747378752e-05,
    9.999999747378752e-05,
    9.999999747378752e-05,
    9.999999747378752e-05,
    9.999999747378752e-05
  ]
}